business_name,niche,city,country,phone,email,website,google_rating,review_count,running_ads,score,tier,date_scraped,status,sequence_step,last_contact_date,conversation_history,top_competitor
The Best Restaurants in Abu Dhabi for Dining Out,Restaurant,Abu Dhabi,UAE,426676160214165,,https://www.zomato.com/abudhabi/restaurants,,379,,40,B,2026-08-11,,,,,
Guide,Restaurant,Abu Dhabi,UAE,,,https://guide.michelin.com/en/ae-az/abu-dhabi-emirate/abu-dhabi/restaurants,,,,25,C,2026-08-11,,,,,
128 Local Restaurants  near Abu Dhabi,Restaurant,Abu Dhabi,UAE,148638184917903,hello@squaremeal.ae,https://www.squaremeal.ae/restaurants/abu-dhabi/local-restaurants,,,,25,C,2026-08-11,,,,,
Harper's Bazaar Arabia,Restaurant,Abu Dhabi,UAE,+971 50 854 8062,charlie.boyd@itp.com,https://www.harpersbazaararabia.com/culture/dining/34-of-the-best-restaurants-in-abu-dhabi,,,,25,C,2026-08-11,,,,,
50B - Discovery,Restaurant,Abu Dhabi,UAE,135605976157098,clelia.dicasola@wrbm.com,https://www.theworlds50best.com/discovery/sitemap/united+arab+emirates/abu+dhabi,,,,25,C,2026-08-11,,,,,
Condé Nast Traveller Middle East,Restaurant,Abu Dhabi,UAE,351.016.526.027,connectmiddleeast@condenast.com,https://www.cntravellerme.com/story/best-restaurants-in-abu-dhabi,,,,25,C,2026-08-11,,,,,
Condé Nast Traveler,Restaurant,Abu Dhabi,UAE,201372087600097,communications@condenast.com,https://www.cntraveler.com/gallery/best-restaurants-in-abu-dhabi,,,,25,C,2026-08-11,,,,,
Yalla Abu Dhabi Life,Restaurant,Abu Dhabi,UAE,374.625 137.352,abudhabi.restaurants@ritzcarlton.com,https://yallaabudhabi.ae/food-drink/best-restaurants-abu-dhabi/,,,,25,C,2026-08-11,,,,,
Fact Magazines,Restaurant,Abu Dhabi,UAE,549.655 124.083,info@factmagazines.com,https://www.factmagazines.com/uae/abu-dhabi/food-abu-dhabi/the-best-restaurants-in-abu-dhabi,,,,25,C,2026-08-11,,,,,
Evendo,Restaurant,Abu Dhabi,UAE,+44 203 026 1075,support@evendo.com,https://evendo.com/locations/united-arab-emirates/abu-dhabi/best-restaurants,,0,,25,C,2026-08-11,,,,,
"Best Restaurants in Abu Dhabi, Al Maryah Island",Restaurant,Abu Dhabi,UAE,1761029686047,info@thegalleria.ae,https://www.thegalleria.ae/en/dine,,,,25,C,2026-08-11,,,,,
Abu Dhabi Restaurants,Restaurant,Abu Dhabi,UAE,4718-8233-3452,abudhabi.dining@rosewoodhotels.com,https://www.rosewoodhotels.com/en/abu-dhabi/dining,,,,25,C,2026-08-11,,,,,
Marriott Bonvoy,Restaurant,Abu Dhabi,UAE,159-881844201519,restaurants.abudhabi@stregis.com,https://www.marriott.com/en-us/hotels/auhrx-the-st-regis-abu-dhabi/dining/,,,,25,C,2026-08-11,,,,,
Abu Dhabi OFW,Dentist,Abu Dhabi,UAE,+971 56 963 7454,aspen@aspen-dentalclinic.ae,https://abudhabiofw.com/dental-clinics-abu-dhabi/,,,,25,C,2026-08-11,,,,,
Medarabia,Dentist,Abu Dhabi,UAE,760116824766172,med@edarabia.com,https://m.edarabia.com/doctors/sp/dentist/in/abu-dhabi/,,2,,25,C,2026-08-11,,,,,
Restaurant Guru,Restaurant,Abu Dhabi,UAE,203347401027236,,https://restaurantguru.com/Abu-Dhabi,,,,15,C,2026-08-11,,,,,
Dining,Restaurant,Abu Dhabi,UAE,639216288193064,,https://www.wbworldabudhabi.com/en/dining,,,,15,C,2026-08-11,,,,,
Abu Dhabi Best Restaurants,Restaurant,Abu Dhabi,UAE,1781791509496,,https://www.top25restaurants.com/united-arab-emirates/abu-dhabi/,,,,15,C,2026-08-11,,,,,
"Best Dental Clinics Near Me in Abu Dhabi, Abu Dhabi",Dentist,Abu Dhabi,UAE,745103282358188,,https://www.practo.com/abu-dhabi/clinics/dental-clinics/abu-dhabi,,,,15,C,2026-08-11,,,,,
Challenge Validation,Restaurant,Abu Dhabi,UAE,,,https://us.trip.com/toplist/tripbest/recommend/abu-dhabi/must-visit-restaurants/100900014295/,,,,10,C,2026-08-11,,,,,
"Best Dentists in Tampa, FL (2026)",Dentist,Tampa FL,USA,1-4901-9130-0443,,https://doctor.webmd.com/providers/specialty/dentistry/florida/tampa,,915,,40,B,2026-08-11,Contacted,1,2026-08-14,,
Bright Now! Dental & Orthodontics,Dentist,Tampa FL,USA,379.657 598.964,,https://www.brightnow.com/dental-office/tampa-dentist/21220/,4.2,34,,35,C,2026-08-11,,,,,
LocalFats,Restaurant,Tampa FL,USA,714.163 519.284,info@getrawmilk.com,"https://localfats.com/social/instagram/Tampa,+FL",,,,25,C,2026-08-11,,,,,
Family Destinations Guide,Restaurant,Tampa FL,USA,120418965978864,advertise@familydestinationsguide.com,https://familydestinationsguide.com/best-lunch-in-tampa-fl/,,,,25,C,2026-08-11,,,,,
Tampa Restaurants and Places to Eat,Restaurant,Tampa FL,USA,63-4512-9267-0009,adepiro@visittampabay.com,https://www.visittampabay.com/food-and-drink/,,,,25,C,2026-08-11,,,,,
null,Restaurant,Tampa FL,USA,104436171533701,info@riveterstampa.com,https://riveterstampa.com/,,,,25,C,2026-08-11,,,,,
Feastio,Restaurant,Tampa FL,USA,74-4377-9420-440,dave@feastio.com,https://feastio.com/best-places-to-eat-tampa/,,,,25,C,2026-08-11,,,,,
"The Best Restaurants and Deals Near Tampa, Florida",Restaurant,Tampa FL,USA,386394042068835,your@email.com,https://www.restaurant.com/restaurants-near-tampa-fl-us,,,,25,C,2026-08-11,,,,,
Guided by Destiny,Restaurant,Tampa FL,USA,979523772482681,destiny@guidedbydestiny.com,https://www.guidedbydestiny.com/best-restaurants-in-tampa/,,,,25,C,2026-08-11,,,,,
Tampa Magazine,Restaurant,Tampa FL,USA,(813) 600-4000,info@tampamagazines.com,https://tampamagazines.com/best-restaurants-list/,,,,25,C,2026-08-11,,,,,
The Adventurist Magazine,Restaurant,Tampa FL,USA,314192535267336,brandonlchase@gmail.com,https://www.theadventuristmagazine.com/city-guides/florida/tampa-best-restaurants,,,,25,C,2026-08-11,,,,,
Rusty Pelican Tampa,Restaurant,Tampa FL,USA,66-4209-9543-1728,ef5d9bbac3354b759bfd7a23c3313b3f@o244637.ingest.us.sentry.io,https://www.therustypelicantampa.com/,0.1,,,25,C,2026-08-11,,,,,
The Infatuation,Restaurant,Tampa FL,USA,101 32.5383 139,support@theinfatuation.com,https://www.theinfatuation.com/tampa/guides/best-restaurants-tampa,,,,25,C,2026-08-11,,,,,
Time Out United States,Restaurant,Tampa FL,USA,152 62.3196 187,hello@timeout.com,https://www.timeout.com/usa/restaurants/best-restaurants-in-tampa,,,,25,C,2026-08-11,,,,,
Old Castle Restaurant,Restaurant,Tampa FL,USA,257418895284851,,https://www.oldcastlerestaurant.com/,,,,15,C,2026-08-11,,,,,
Rhino88,Restaurant,Tampa FL,USA,+62-000-0000-0000,,https://warmandcozyrestaurants.net/tampa-fl/,,,,15,C,2026-08-11,,,,,
Southern Living,Restaurant,Tampa FL,USA,2544345-4156-4628,,https://www.southernliving.com/best-restaurants-in-tampa-florida-11697686,,,,15,C,2026-08-11,,,,,
McCool Travel,Restaurant,Tampa FL,USA,100063617978348,,https://www.mccooltravel.com/best-tampa-restaurants/,,,,15,C,2026-08-11,,,,,
Tebra,Dentist,Tampa FL,USA,083901150458389,,https://www.tebra.com/care/dentists/tampa-fl/,,,,15,C,2026-08-11,,,,,
"20 Best Dentists Near Me in Tampa, FL",Dentist,Tampa FL,USA,123690647667832,,https://www.opencare.com/dentists/tampa-fl/,,31,,15,C,2026-08-11,,,,,
Serenity Dental Arts,Dentist,Denver CO,USA,+1-303-458-7051,office@serenitydentalartsdenver.com,https://www.serenitydentalartsdenver.com/,4.8,,,45,B,2026-08-13,Contacted,1,2026-08-16,,Denver Highlands Dentist
Applewood Plumbing,Plumber,Denver CO,USA,156309783702223,custservice@applewoodfixit.com,https://www.applewoodfixit.com/,4.8,,,45,B,2026-08-13,Contacted,1,2026-08-16,,"Plumber near Denver, CO"
Spectrum Dental Group,Dentist,Denver CO,USA,100113355908656,spectrumdental6660@gmail.com,https://spectrumdent.com/,,97,,40,B,2026-08-13,Contacted,1,2026-08-16,,Low
Roto-Rooter Plumbing & Water Cleanup,Plumber,Denver CO,USA,00489.3105.0058,,https://www.rotorooter.com/denver/,,368,,40,B,2026-08-13,Contacted,1,2026-08-16,,"Plumber near Denver, CO"
Denver Emergency Dental Care USA,Dentist,Denver CO,USA,163941147001941,,https://emergencydental.com/denver/,4.8,,,35,C,2026-08-13,New,,,,Low
HomeGuide,Plumber,Denver CO,USA,172963725666840,,https://homeguide.com/co/denver/plumbers/,4.5,,,35,C,2026-08-13,New,,,,"Plumber near Denver, CO"
Best Dentist  Denver CO,Dentist,Denver CO,USA,128592637863916,,https://www.doctor-oogle.com/?metro=denver,,58,,30,C,2026-08-13,New,,,,Denver Highlands Dentist
Cozymeal,Restaurant,Denver CO,USA,133954929700173,example@xyz.com,https://www.cozymeal.com/magazine/steak-restaurants-in-denver,,,,25,C,2026-08-13,New,,,,"Denver, CO"
Benihana,Restaurant,Denver CO,USA,+1 (646) 624-2400,customerservice@benihana.com,https://www.benihana.com/locations/denver/,,,,25,C,2026-08-13,New,,,,"Denver, CO"
Delicious Denver Food Tours,Restaurant,Denver CO,USA,552.039.945.945,info@deliciousdenverfoodtours.com,https://www.deliciousdenverfoodtours.com/blogs/denvers-romantic-restaurants/,,,,25,C,2026-08-13,New,,,,Best Denver Restaurants 2026
Diners Drive-Ins and Dives Locations,Restaurant,Denver CO,USA,720-328-8328,contact@dinersdriveinsdiveslocations.com,https://www.dinersdriveinsdiveslocations.com/colorado-locations.html,,,,25,C,2026-08-13,New,,,,Best Denver Restaurants 2026
Denver Westword,Restaurant,Denver CO,USA,1760135263567,advertising@westword.com,https://www.westword.com/food-drink/50-best-restaurants-in-denver-colorado-40816237/,,,,25,C,2026-08-13,New,,,,Best Denver Restaurants 2026
Corinne Denver,Restaurant,Denver CO,USA,32.4725.0007.0007,forms@tambourine.com,https://www.corinnedenver.com/,,,,25,C,2026-08-13,New,,,,"The best restaurants for group dining in Denver, Colorado."
Best Restaurants in Denver​,Restaurant,Denver CO,USA,4682641-6839-4092,digital@sbcos.com,https://www.rangedowntown.com/,,,,25,C,2026-08-13,New,,,,"The best restaurants for group dining in Denver, Colorado."
Denver Dentists,Dentist,Denver CO,USA,898595203796892,info@cc-familydentistry.com,https://cc-familydentistry.com/,,,,25,C,2026-08-13,New,,,,Cherry Creek Family Dentistry: Expert Dentists in Denver
"Best Dentists Near Me in Denver, Colorado",Dentist,Denver CO,USA,(303) 296-1402,evzdds@yahoo.com,https://www.deltadental.com/member/find-a-dentist/colorado/denver-dentists/,,,,25,C,2026-08-13,New,,,,Cherry Creek Family Dentistry: Expert Dentists in Denver
"Modern Dentist in Denver, CO",Dentist,Denver CO,USA,714.163 519.284,email@address.com,https://www.thedenverdentists.com/,,,,25,C,2026-08-13,New,,,,Cherry Creek Family Dentistry: Expert Dentists in Denver
Hampden Dentistry & Orthodontics,Dentist,Denver CO,USA,+1-303-930-8888,info@hampdendentist.com,https://hampdendentist.com/,,,,25,C,2026-08-13,New,,,,Cherry Creek Family Dentistry: Expert Dentists in Denver
Smile Studio Dental,Dentist,Denver CO,USA,369952607397726,frontoffice@smilestudiodenver.com,https://www.smilestudiodenver.com/,,,,25,C,2026-08-13,New,,,,Denver Highlands Dentist
Open & Affordable,Dentist,Denver CO,USA,635-8505-3391-9791,18d2f96d279149989b95faf0a4b41882@sentry-next.wixpress.com,https://www.openandaffordable.com/,,9,,25,C,2026-08-13,New,,,,Denver Highlands Dentist
"Dentist Denver, CO",Dentist,Denver CO,USA,002212019912976,u0022denverhighlanddental@gmail.com,https://www.denverhighlanddental.com/,,0022,,25,C,2026-08-13,New,,,,Denver Highlands Dentist
TopRatedDentist.com,Dentist,Denver CO,USA,1637071091864,hi@toprateddentist.com,https://www.toprateddentist.com/dentists/denver-co/,,000,,25,C,2026-08-13,New,,,,Denver Highlands Dentist
Lowry Advanced Dentistry,Dentist,Denver CO,USA,(303) 333-5148,info@denverdental.com,https://www.denverdental.com/,,,,25,C,2026-08-13,New,,,,Denver Highlands Dentist
"6 Top Rated Dentists In Denver, Colorado",Dentist,Denver CO,USA,201402853581808,info@topratedexperts.com,https://topratedexperts.com/business/Colorado/Denver/dentists-near-me,,5,,25,C,2026-08-13,New,,,,Denver Highlands Dentist
Colorado Dental Association,Dentist,Denver CO,USA,000081803053914,amanda@cdaonline.org,https://cdaonline.org/welcome/lowcostcare/lowfee/,,,,25,C,2026-08-13,New,,,,Low
CU Anschutz Dental Clinics Screening Appointment,Dentist,Denver CO,USA,173828204564541,cudt@cuanschutz.edu,https://dental.cuanschutz.edu/patient-care,,,,25,C,2026-08-13,New,,,,Low
Low Income Dental Care,Dentist,Denver CO,USA,(303) 724-6942,mdds@mddsdentist.com,https://mddsdentist.com/public-resources/low-income-dental-care/,,,,25,C,2026-08-13,New,,,,Low
All for One Dental Implants Denver,Dentist,Denver CO,USA,009 204.689-259,office@downingstreetdental.com,https://www.downingstreetdental.com/,,,,25,C,2026-08-13,New,,,,Low
Emergency Dental of Denver,Dentist,Denver CO,USA,(303)-848-3311,contactus@emergencydentalofamerica.com,https://emergencydentalofdenver.com/,,,,25,C,2026-08-13,New,,,,Low
Rooter66,Plumber,Denver CO,USA,842 750 829 737,rooter66plumbing21@gmail.com,https://rooter66.com/trusted-residential-commercial-plumbing-services-in-broomfield-northglenn-thornton-westminster-the-greater-denver-area/,,,,25,C,2026-08-13,New,,,,"Plumber near Denver, CO"
5 Estimates,Plumber,Denver CO,USA,151788992200040,info@5estimates.com,https://5estimates.com/plumber-cost-denver-co/,,,,25,C,2026-08-13,New,,,,"Plumber near Denver, CO"
Culinary Dropout,Restaurant,Denver CO,USA,051.152.152.152,,https://www.culinarydropout.com/locations/denver-co/,,,,15,C,2026-08-13,New,,,,"Denver, CO"
Denver Restaurants & Nightlife,Restaurant,Denver CO,USA,14-9440-4039-8844,,https://visitdenver.com/food-drink/,,,,15,C,2026-08-13,New,,,,"Denver, CO"
Eater Denver,Restaurant,Denver CO,USA,450701784422809,,https://denver.eater.com/,,,,15,C,2026-08-13,New,,,,"Denver, CO"
Nomadic Foodist,Restaurant,Denver CO,USA,264453626735223,,https://nomadicfoodist.com/top-10-restaurants-in-denver-colorado/,,,,15,C,2026-08-13,New,,,,"Denver, CO"
"Tavernetta | Italian Restaurant in Denver, CO",Restaurant,Denver CO,USA,135161460073086,,https://www.tavernettadenver.com/,,,,15,C,2026-08-13,New,,,,"Denver, CO"
"Mercantile Denver | American Restaurant in Denver, CO",Restaurant,Denver CO,USA,186087876250055,,https://www.mercantiledenver.com/,,,,15,C,2026-08-13,New,,,,"Denver, CO"
True Food Kitchen,Restaurant,Denver CO,USA,999999999999999,,https://www.truefoodkitchen.com/locations/cherry-creek/,,,,15,C,2026-08-13,New,,,,Best Denver Restaurants 2026
South Broadway Restaurants,Restaurant,Denver CO,USA,353.354.707.707,,https://www.groupon.com/local/denver/south-broadway/restaurants,,,,15,C,2026-08-13,New,,,,Best Denver Restaurants 2026
Denver Restaurant Week,Restaurant,Denver CO,USA,803.4524.2578.7174,,https://denverrestaurantweek.com/,,,,15,C,2026-08-13,New,,,,Best Denver Restaurants 2026
Adobo Restaurant & Bar,Restaurant,Denver CO,USA,+1 720-242-9994,,https://adoborestaurantbar.eatspots.us/,,,,15,C,2026-08-13,New,,,,"The best restaurants for group dining in Denver, Colorado."
The Bindery Denver,Restaurant,Denver CO,USA,(303) 993-2364,,https://thebinderydenver.com/,,,,15,C,2026-08-13,New,,,,"The best restaurants for group dining in Denver, Colorado."
"The Corner Office | Restaurant & Martini Bar in Denver, CO",Restaurant,Denver CO,USA,211384538867033,,https://www.thecornerofficedenver.com/,,,,15,C,2026-08-13,New,,,,"The best restaurants for group dining in Denver, Colorado."
Dentist Office Locations in Denver,Dentist,Denver CO,USA,33-4990-9061-1960,,https://www.denverhealth.org/services/dental-care/locations,,,,15,C,2026-08-13,New,,,,Cherry Creek Family Dentistry: Expert Dentists in Denver
Comfort Dental,Dentist,Denver CO,USA,029232229312235,,https://comfortdental.com/office/co-denver-downtown/,,,,15,C,2026-08-13,New,,,,Cherry Creek Family Dentistry: Expert Dentists in Denver
"Dentist in Denver, CO",Dentist,Denver CO,USA,(720) 440-9296,,https://www.pearldentistrydenver.com/,,,,15,C,2026-08-13,New,,,,Cherry Creek Family Dentistry: Expert Dentists in Denver
Denver Highlands Dentist,Dentist,Denver CO,USA,293278171079428,,https://www.ogdentaldenver.com/,,8,,15,C,2026-08-13,New,,,,Cherry Creek Family Dentistry: Expert Dentists in Denver
The Dentistry Place,Dentist,Denver CO,USA,221.145 106.244,,https://www.thedentistryplacedenver.com/,,,,15,C,2026-08-13,New,,,,Cherry Creek Family Dentistry: Expert Dentists in Denver
Local Dentist Office in Denver CO,Dentist,Denver CO,USA,131420345474730,,https://www.dentistsofcentralpark.com/,,,,15,C,2026-08-13,New,,,,Cherry Creek Family Dentistry: Expert Dentists in Denver
Corson Dentistry,Dentist,Denver CO,USA,+1-720-619-0008,,https://www.corsondentistry.com/,,,,15,C,2026-08-13,New,,,,Cherry Creek Family Dentistry: Expert Dentists in Denver
Station Dental Group,Dentist,Denver CO,USA,96.8981 108.551,,https://stationdentalgroup.com/,,,,15,C,2026-08-13,New,,,,Cherry Creek Family Dentistry: Expert Dentists in Denver
Almeida & Bell Dental,Dentist,Denver CO,USA,116.173 116.173,,https://www.almeidabelldental.com/dentist-denver/,,,,15,C,2026-08-13,New,,,,Cherry Creek Family Dentistry: Expert Dentists in Denver
"RiNo Dental: General and Cosmetic Dentistry: Denver, CO",Dentist,Denver CO,USA,+1 303-292-3120,,https://www.rinodental.com/,,3,,15,C,2026-08-13,New,,,,Denver Highlands Dentist
Metro Dental Care - Denver Dentist,Dentist,Denver CO,USA,(303) 534-2626,,https://metrodentalcare.com/,,,,15,C,2026-08-13,New,,,,Denver Highlands Dentist
Urgent Dental of Denver,Dentist,Denver CO,USA,933441597675291,,https://www.urgentdentalofdenver.com/,,,,15,C,2026-08-13,New,,,,Low
Dental Care,Dentist,Denver CO,USA,896-0390-194284,,https://www.innercityhealth.org/services/dental-care,,,,15,C,2026-08-13,New,,,,Low
Colorado Mission of Mercy,Dentist,Denver CO,USA,719-422-8810 303,,https://comom.org/low-fee-dentistry/,,,,15,C,2026-08-13,New,,,,Low
"Doctor Fix-It Plumbing, Heating, Cooling & Electric",Plumber,Denver CO,USA,111.033 248 248,,https://www.calldoctorfixit.com/plumbing-service-area-denver-co/,,,,15,C,2026-08-13,New,,,,"Plumber near Denver, CO"
"Plumbing in Denver, Colorado",Plumber,Denver CO,USA,466.815 2160 2160,,https://plumbing-denver-colorado.victorharborwebdesign.com/all/emergency-plumber,,,,15,C,2026-08-13,New,,,,"Plumber near Denver, CO"
Team Dave Logan,Plumber,Denver CO,USA,127268088490244,,https://teamdavelogan.com/company-categories/plumbing-contractor-denver-co/,,,,15,C,2026-08-13,New,,,,"Plumber near Denver, CO"
Spice City Restaurant,Restaurant,Liverpool,UK,+44 151 236 4443,info@spicecity.co.uk,https://spicecity.co.uk/,,,,25,C,2026-08-13,Contacted,1,2026-08-16,,The 10 Best Restaurants in Liverpool 2026
Piazza Italiana,Restaurant,Liverpool,UK,+44-20-7256-7223,reservations@piazzaitaliana.co.uk,https://piazzaitaliana.co.uk/,,,,25,C,2026-08-13,Contacted,1,2026-08-16,,The 10 Best Restaurants in Liverpool 2026
DesignMyNight,Restaurant,Liverpool,UK,583-138-1606 1004,katie@designmynight.com,https://www.designmynight.com/london/restaurants-liverpool-street,,4,,25,C,2026-08-13,Contacted,1,2026-08-16,,The 10 Best Restaurants in Liverpool 2026
Italian Restaurant Near Liverpool Street & Old Street,Restaurant,Liverpool,UK,142-6627-4382-9044,amore@bigmamma.com,https://www.bigmammagroup.com/italian-restaurant-near-liverpool,,,,25,C,2026-08-13,Contacted,1,2026-08-16,,The 10 Best Restaurants in Liverpool 2026
Pub & Restaurant near Liverpool Street at The Astronomer,Restaurant,Liverpool,UK,160221303997238,astronomer@fullers.co.uk,https://www.theastronomerpub.co.uk/food/main-menu,,,,25,C,2026-08-13,Contacted,1,2026-08-16,,The 10 Best Restaurants in Liverpool 2026
CN Traveller,Restaurant,Liverpool,UK,008.027.008.004,complaints@condenast.co.uk,https://www.cntraveller.com/gallery/best-restaurants-liverpool,,,,25,C,2026-08-13,Contacted,1,2026-08-16,,THE 10 BEST Restaurants in Liverpool (Updated August 2026)
British GQ,Restaurant,Liverpool,UK,+44 20 7152 3705,classgq@condenast.co.uk,https://www.gq-magazine.co.uk/article/liverpool-city-guide-best-restaurants,,,,25,C,2026-08-13,Contacted,1,2026-08-16,,THE 10 BEST Restaurants in Liverpool (Updated August 2026)
Good Food,Restaurant,Liverpool,UK,184306-19093258,goodfood@immediate.co.uk,https://www.bbcgoodfood.com/travel/uk/best-places-eat-liverpool,,,,25,C,2026-08-13,Contacted,1,2026-08-16,,THE 10 BEST Restaurants in Liverpool (Updated August 2026)
Gordon Ramsay Restaurants,Restaurant,Liverpool,UK,+1 (877) 346-4642,guestrelations@gordonramsay.com,https://www.gordonramsayrestaurants.com/restaurants-and-bars/,,,,25,C,2026-08-13,Contacted,1,2026-08-16,,THE 10 BEST Restaurants in Liverpool (Updated August 2026)
Cavern Restaurant,Restaurant,Liverpool,UK,183305111022710,info@thecavernrestaurant.com,https://www.thecavernrestaurant.com/,,,,25,C,2026-08-13,Contacted,1,2026-08-16,,THE 10 BEST Restaurants in Liverpool (Updated August 2026)
Gaucho Liverpool,Restaurant,Liverpool,UK,451130925973504,enquiries@gauchorestaurants.com,https://gauchorestaurants.com/restaurants/liverpool,,,,25,C,2026-08-13,Contacted,1,2026-08-16,,THE 10 BEST Restaurants in Liverpool (Updated August 2026)
"The Best Restaurants in East Liverpool, OH",Restaurant,Liverpool,UK,100069762859137,sturgishouse@gmail.com,https://www.thesturgishouse.com/restaurants.html,,,,25,C,2026-08-13,Contacted,1,2026-08-16,,THE 10 BEST Restaurants in Liverpool (Updated August 2026)
The Municipal Hotel & Spa Liverpool – MGallery,Restaurant,Liverpool,UK,475045476250404,030hb9e8@accor.com,https://www.municipalhotelliverpool.com/restaurants-bars/seaforth-restaurant/,,,,25,C,2026-08-13,Contacted,1,2026-08-16,,THE 10 BEST Restaurants in Liverpool (Updated August 2026)
Fogo Brazil,Restaurant,Liverpool,UK,1571390416892,liverpool@fogobrazil.co.uk,https://fogobrazil.co.uk/,,,,25,C,2026-08-13,Contacted,1,2026-08-16,,THE 10 BEST Restaurants in Liverpool (Updated August 2026)
Best Indian Restaurant in Liverpool Fine Dining Restaurant,Restaurant,Liverpool,UK,103406965242912,info@ikkayees.co.uk,https://thegrandikkayees.co.uk/,,,,25,C,2026-08-13,Contacted,1,2026-08-16,,THE 10 BEST Restaurants in Liverpool (Updated August 2026)
Bristol Live,Restaurant,Bristol,UK,015440420724022,bristolpost@trinitymirror.com,https://www.bristolpost.co.uk/whats-on/food-drink/16-best-independent-restaurants-bristol-8388254,4.8,,,60,A,2026-08-13,Contacted,1,2026-08-16,,"THE 10 BEST Restaurants Near Ramen Monster, Bristol"
Explore Bristol,Restaurant,Bristol,UK,(423) 212-3637,info@explorebristol.com,https://explorebristol.com/restaurants/,,,,40,B,2026-08-13,Contacted,1,2026-08-16,,"THE 10 BEST Restaurants Near Ramen Monster, Bristol"
SquareMeal,Restaurant,Bristol,UK,54545673187-2462,hello@squaremeal.co.uk,https://www.squaremeal.co.uk/restaurants/best-for/child-friendly-family-restaurants-bristol_10907,,,,25,C,2026-08-13,Contacted,1,2026-08-16,,"THE 10 BEST Restaurants Near Ramen Monster, Bristol"
the Guardian,Restaurant,Bristol,UK,077.073.158.139,344003a8d11c41d8800fbad8383fdc50@o14302.ingest.us.sentry.io,https://www.theguardian.com/travel/2013/aug/30/destination-restaurants-britain-short-breaks,,,,25,C,2026-08-13,Contacted,1,2026-08-16,,"THE 10 BEST Restaurants Near Ramen Monster, Bristol"
"Portside Tavern | The Best Local Restaurant in Bristol, RI",Restaurant,Bristol,UK,209055699970655,richie@portsidetavern.com,https://www.portsidetavern.com/,,,,25,C,2026-08-13,Contacted,1,2026-08-16,,"THE 10 BEST Restaurants Near Ramen Monster, Bristol"
Visit Bristol Borough,Restaurant,Bristol,UK,434972323707161,caffegiovannis@gmail.com,https://www.visitbristolborough.com/restaurants-and-bars,,,,25,C,2026-08-13,Contacted,1,2026-08-16,,"THE 10 BEST Restaurants Near Ramen Monster, Bristol"
Get Lost In The USA,Restaurant,Bristol,UK,1781791509496,getlostintheusa@gmail.com,https://getlostintheusa.com/restaurants-in-bristol-tn-va/,,,,25,C,2026-08-13,Contacted,1,2026-08-16,,"THE 10 BEST Restaurants Near Ramen Monster, Bristol"
BostonGlobe.com,Restaurant,Bristol,UK,100063452659457,books@globe.com,https://www.bostonglobe.com/2024/07/01/metro/bristol-ri-dining-guide/,,,,25,C,2026-08-13,Contacted,1,2026-08-16,,Ramsay's Best Restaurant
Bristol Restaurants,Restaurant,Bristol,UK,3-7727-4388-8417,ahurd@discovernewport.org,https://www.discovernewport.org/restaurants/bristol/,,,,25,C,2026-08-13,Contacted,1,2026-08-16,,Ramsay's Best Restaurant
South West Mag – Explore Southwest UK,Restaurant,Bristol,UK,312873073850013,olivia@southwestmag.co.uk,https://www.southwestmag.co.uk/best-restaurant-in-bristol/,,,,25,C,2026-08-13,Contacted,1,2026-08-16,,Ramsay's Best Restaurant
Bristol Harbourside Restaurants & Bars,Restaurant,Bristol,UK,+44 20 7589 6300,bristol@doylecollection.com,https://www.doylecollection.com/hotels/the-bristol-hotel/dining,,,,25,C,2026-08-13,Contacted,1,2026-08-16,,THE 10 BEST Restaurants in Bristol (Updated July 2026)
Common Pub & Grille,Restaurant,Bristol,UK,635-8505-3391-9791,605a7baede844d278b89dc95ae0a9123@sentry-next.wixpress.com,https://www.commonpubandgrille.com/,,,,25,C,2026-08-13,Contacted,1,2026-08-16,,THE 10 BEST Restaurants in Bristol (Updated July 2026)
"Dentist in Bristol, PA I Family & Emergency Dental Care",Dentist,Bristol,UK,(267) 554-7300,bristoldental1@gmail.com,http://www.bristol-dentalgroup.com/,,,,25,C,2026-08-13,Contacted,1,2026-08-16,,Bristol Park Dental
Dentist Bristol,Dentist,Bristol,UK,(860) 589-2794,bristolfamilydental@comcast.net,https://www.bristolfamilydentalct.com/,,,,25,C,2026-08-13,Contacted,1,2026-08-16,,Bristol Park Dental
"Contact Our Bristol, CT Dental Office",Dentist,Bristol,UK,158477940878472,phgdentistry@outlook.com,https://www.phgdentistry.com/contact,,,,25,C,2026-08-13,Contacted,1,2026-08-16,,Bristol Park Dental
Best Glasgow Restaurants,Restaurant,Glasgow,UK,020 7839 4763,mail@hardens.com,https://www.hardens.com/restaurants/glasgow/,,2024,,50,B,2026-08-14,Contacted,1,2026-08-17,,My 36 Favourite Restaurants in Glasgow (As a Local)
Travel Lemming,Restaurant,Glasgow,UK,+044 141 221 1663,contact@travellemming.com,https://travellemming.com/restaurants-in-glasgow/,,,,25,C,2026-08-14,Contacted,1,2026-08-17,,The best restaurants in Glasgow for 2026
The Ivy Collection,Restaurant,Glasgow,UK,126.1763.125.4131,groupdining@theivy-collection.com,https://ivycollection.com/restaurants-near-me/the-ivy-scotland/the-ivy-glasgow/,,,,25,C,2026-08-14,Contacted,1,2026-08-17,,The best restaurants in Glasgow for 2026
Dishoom,Restaurant,Glasgow,UK,956 14.3043 125,press@dishoom.com,https://www.dishoom.com/glasgow/,,,,25,C,2026-08-14,Contacted,1,2026-08-17,,The best restaurants in Glasgow for 2026
Glasgowist,Restaurant,Glasgow,UK,883804319577899,hello@glasgowist.com,https://www.glasgowist.com/talk-of-the-town-glasgows-20-best-restaurants/,,,,25,C,2026-08-14,Contacted,1,2026-08-17,,The best restaurants in Glasgow for 2026
Kirkhouse Inn,Restaurant,Glasgow,UK,1596333-6273-430,info@kirkhouseinn.com,https://www.kirkhouseinn.com/,,,,25,C,2026-08-14,Contacted,1,2026-08-17,,The best restaurants in Glasgow for 2026
Luxury Restaurant Near Glasgow,Restaurant,Glasgow,UK,132917304799530,events@gleddoch.com,https://www.gleddoch.com/food-drink/,,,,25,C,2026-08-14,Contacted,1,2026-08-17,,The best restaurants in Glasgow for 2026
Best restaurants in Glasgow 2024 | Where To Eat | The Good Food Guide,Restaurant,Glasgow,UK,127756784631572,support@ama.uk.com,https://www.thegoodfoodguide.co.uk/where-to-eat/best-restaurants-in-glasgow,,,,25,C,2026-08-14,Contacted,1,2026-08-17,,My 36 Favourite Restaurants in Glasgow (As a Local)
olivemagazine,Restaurant,Glasgow,UK,184306-19939993,oliveweb@immediate.co.uk,https://www.olivemagazine.com/travel/uk/scotland-travel/best-places-to-eat-in-glasgow-scotland/,,,,25,C,2026-08-14,Contacted,1,2026-08-17,,My 36 Favourite Restaurants in Glasgow (As a Local)
UK Business Magazine | Small Business News Blog,Restaurant,Glasgow,UK,812011883885748,hannah@ukbusinessmagazine.co.uk,https://www.ukbusinessmagazine.co.uk/glasgow-restaurants/,,,,25,C,2026-08-14,Contacted,1,2026-08-17,,My 36 Favourite Restaurants in Glasgow (As a Local)
Mob,Restaurant,Glasgow,UK,3-4388-9067-1183,help@mob.co.uk,https://www.mob.co.uk/life/where-to-eat-in-glasgow,,,,25,C,2026-08-14,Contacted,1,2026-08-17,,The 10 Best Restaurants in Glasgow 2026
Pearl,Restaurant,Glasgow,UK,+44 141 221 1663,hello@joinpearl.co,https://joinpearl.co/restaurants/glasgow-united-kingdom/mother-india-restaurant,,,,25,C,2026-08-14,Contacted,1,2026-08-17,,The 10 Best Restaurants in Glasgow 2026
EatSpot - Taste begins with a reservation,Restaurant,Glasgow,UK,136.274.586.705,contact@eatspot.co.uk,https://eatspot.co.uk/restaurants/non-viet-vietnamese-restaurant-glasgow/,,,,25,C,2026-08-14,Contacted,1,2026-08-17,,The 10 Best Restaurants in Glasgow 2026
Mharsanta,Restaurant,Glasgow,UK,314192535267336,info@mharsanta.co.uk,https://www.mharsanta.co.uk/,,,,25,C,2026-08-14,Contacted,1,2026-08-17,,The 10 Best Restaurants in Glasgow 2026
Visit Glasgow,Restaurant,Glasgow,UK,,info@visitglasgow.com,https://www.visitglasgow.com/food-and-drink/top-restaurants,,,,20,C,2026-08-14,Contacted,1,2026-08-17,,My 36 Favourite Restaurants in Glasgow (As a Local)
Rice Village,Restaurant,Houston TX,USA,653986568735836,ablunsen@rice-village.com,https://rice-village.com/dine/,,,,25,C,2026-08-15,Contacted,0,2026-08-15,,THE 10 BEST Restaurants in Houston (Updated August 2026)
State of Grace,Restaurant,Houston TX,USA,832-942-5080,eventsstateofgrace@rocketfarmrestaurants.com,https://stateofgracetx.com/,,,,25,C,2026-08-15,Contacted,0,2026-08-15,,THE 10 BEST Restaurants in Houston (Updated August 2026)
Best Restaurants in Houston: Editor's Pick Guide (2026),Restaurant,Houston TX,USA,(913) 231-3083,hello@houston.com,https://houston.com/food-dining/best-restaurants-in-houston-guide,,,,25,C,2026-08-15,Contacted,0,2026-08-15,,THE 10 BEST Restaurants in Houston (Updated August 2026)
Delish,Restaurant,Houston TX,USA,202-4149-8993-1073,membersupport@delish.com,https://www.delish.com/restaurants/,,0026,,25,C,2026-08-15,Contacted,0,2026-08-15,,Best Restaurants in Houston Tx
Go To Destinations,Restaurant,Houston TX,USA,446270461158852,jeremy@gotodestinations.com,https://www.gotodestinations.com/best-houston-restaurant-valentines-day/,,,,25,C,2026-08-15,Contacted,0,2026-08-15,,Best Restaurants in Houston Tx
Tasting Table,Restaurant,Houston TX,USA,100071098230225,staff@tastingtable.com,https://www.tastingtable.com/1274449/best-restaurants-houston-ranked/,,,,25,C,2026-08-15,Contacted,0,2026-08-15,,Best Restaurants in Houston Tx
Luxurway,Restaurant,Houston TX,USA,314192535267336,info@luxurway.com,https://www.luxurway.com/blog/our-guide-to-houstons-best-restaurants,,,,25,C,2026-08-15,Contacted,0,2026-08-15,,Best Restaurants in Houston Tx
Bungalow Downtown Dining,Restaurant,Houston TX,USA,4-7642-4863-9126,reservation@alifehospitality.com,https://bungalowdining.com/,,,,25,C,2026-08-15,Contacted,0,2026-08-15,,THE 10 BEST Restaurants in Houston (Updated August 2026)
Dentiq Dentistry,Dentist,Houston TX,USA,+1(713)589-6564,date@dentiq.net,https://www.dentiq.dental/,,,,25,C,2026-08-15,Contacted,0,2026-08-15,,"Dentist in Houston, TX at W Gray St"
Centra Dental,Dentist,Houston TX,USA,966242223397117,info@centradental.com,https://www.centradental.com/,,,,25,C,2026-08-15,Contacted,0,2026-08-15,,"Dentist in Houston, TX at W Gray St"
"Best Dentist Near Me in Houston, TX 77079",Dentist,Houston TX,USA,143105426901474,+lrodriguez@plumdental.net,https://www.plumdental.net/,,,,25,C,2026-08-15,Contacted,0,2026-08-15,,"Dentist in Houston, TX at W Gray St"
URBN Dental,Dentist,Houston TX,USA,750 842 767 846,cincoranch@urbndental.com,https://urbndental.com/texas/houston-dental-services/heights/,,,,25,C,2026-08-15,Contacted,0,2026-08-15,,"Dentist in Houston, TX at W Gray St"
Pinnacle Dental,Dentist,Houston TX,USA,170950533056586,smiles@galleriahoustondentist.com,https://galleriahoustondentist.com/,,,,25,C,2026-08-15,Contacted,0,2026-08-15,,"Dentist in Houston, TX at W Gray St"
Emergency Dentist Houston,Dentist,Houston TX,USA,+1-832-831-4394,info@texasdentalcenter.com,https://texasdentalcenter.com/,,,,25,C,2026-08-15,Contacted,0,2026-08-15,,"Dentist in Houston, TX at W Gray St"
UT Dentists,Dentist,Houston TX,USA,103432607151238,anonymous@dotcms.anonymoususer,https://www.utdentists.com/,,,,25,C,2026-08-15,Contacted,0,2026-08-15,,"Dentist in Houston, TX at W Gray St"
Hamilton Dental Group -,Dentist,Hamilton,Canada,495011491502378,hdgfrontoffice@gmail.com,https://www.hamiltondentalgroup.com/,4.9,589,,70,A,2026-08-16,Contacted,0,2026-08-16,,20 Top
DentalPlans.com,Dentist,Hamilton,Canada,000000000000000,members@dentalplans.com,https://www.dentalplans.com/find-a-dentist/,4.4,363,,70,A,2026-08-16,Contacted,0,2026-08-16,,20 Top
"Pre-theatre Dining near Hamilton: The Exhibition, Chicago, IL",Restaurant,Hamilton,Canada,042.1563.0419.0687,admin@chicago-theater.com,https://www.chicago-theater.com/venues/hamilton-the-exhibition/dining,,4888,,50,B,2026-08-16,Contacted,0,2026-08-16,,"The 10 Best Restaurants Near Me in Hamilton, Cincinnati / Dayton"
Twin Dental,Dentist,Hamilton,Canada,869187364981439,patients@twindental.com,https://www.twindental.com/best-dentists-hamilton-ohio/,,259,,50,B,2026-08-16,Contacted,0,2026-08-16,,Hamilton Dentist
Barton Dental,Dentist,Hamilton,Canada,138 771 138 800,bartondentaloffice@gmail.com,https://bartondental.ca/,4.9,,,45,B,2026-08-16,Contacted,0,2026-08-16,,20 Top
Sherman Dental Centre,Dentist,Hamilton,Canada,+1(905) 318-4884,info@shermandentalcentre.com,https://shermandentalcentre.com/how-to-choose-the-best-dentist-in-hamilton-for-your-family/,,,,40,B,2026-08-16,Contacted,0,2026-08-16,,Hamilton Dentist
Hamilton College,Restaurant,Hamilton,Canada,100063919268928,admission@hamilton.edu,https://www.hamilton.edu/admission/visiting/restaurants,,,,25,C,2026-08-16,Contacted,0,2026-08-16,,"The 10 Best Restaurants Near Me in Hamilton, Cincinnati / Dayton"
Hamilton County's Best Restaurants,Restaurant,Hamilton,Canada,6567952-0820-4703,info@hamiltoncountytourism.com,https://www.visithamiltoncounty.com/restaurants/,,,,25,C,2026-08-16,Contacted,0,2026-08-16,,THE 10 BEST Restaurants in Hamilton (Updated July 2026)
Howie’s on Hamilton,Restaurant,Hamilton,Canada,(260) 488-3344,info@howiesonhamilton.com,https://howiesonhamilton.com/,,,,25,C,2026-08-16,Contacted,0,2026-08-16,,The Best Restaurants in Hamilton Right Now
David Kirkpatrick DDS,Dentist,Hamilton,Canada,+1-(513) 868-3600,drkappts@gmail.com,https://hamiltonohiodentist.com/,,,,25,C,2026-08-16,Contacted,0,2026-08-16,,20 Top
About Us,Dentist,Hamilton,Canada,138 771 138 800,info@hamiltonmilldental.com,https://www.hamiltonmilldental.com/about-us/,,,,25,C,2026-08-16,Contacted,0,2026-08-16,,20 Top
Dentists Ranked,Dentist,Hamilton,Canada,71-6540-4262-9660,hello@dentistsranked.com,https://www.dentistsranked.com/dentists/Hamilton-ON,,,,25,C,2026-08-16,Contacted,0,2026-08-16,,Hamilton Dentist
Hamilton Family Dentistry,Dentist,Hamilton,Canada,934 104.934-104,drbeenuvirk@gmail.com,https://www.hamiltonfamilydentistry.ca/,,,,25,C,2026-08-16,Contacted,0,2026-08-16,,Hamilton Dentist
"Dentist in Hamilton, NJ",Dentist,Hamilton,Canada,(609) 689-2660,addemail@gmail.com,https://gardenstatesmileshamilton.com/,,,,25,C,2026-08-16,Contacted,0,2026-08-16,,Hamilton Dentist
SpinelDentalHamilton,Dentist,Hamilton,Canada,635-8505-3391-9791,0e6a29e4756740a8a63493e912ba2174@sentry.wixpress.com,https://www.spinel.dental/,,,,25,C,2026-08-16,Contacted,0,2026-08-16,,Hamilton Dentist
MyNextDentist,Dentist,Glasgow,UK,+44 141 427 0296,hello@mynextdentist.co.uk,https://mynextdentist.co.uk/dentists/glasgow,,365,,50,B,2026-08-17,Contacted,0,2026-08-17,,Dentist Glasgow
Dentistry On The Square,Dentist,Glasgow,UK,+1 (512) 893-1587,his.ihcregulation@nhs.scot,https://dentistryonthesquare.co.uk/,,1351,,50,B,2026-08-17,Contacted,0,2026-08-17,,Dentist Glasgow
ThreeBestRated.co.uk,Dentist,Glasgow,UK,133028257071181,info@dentistryonthesquare.co.uk,https://threebestrated.co.uk/dentists-in-glasgow,4.8,4,,45,B,2026-08-17,Contacted,0,2026-08-17,,Dentist Glasgow
The 10 best restaurants in Glasgow,Restaurant,Glasgow,UK,1322660918-150,advertising@scotsman.com,https://foodanddrink.scotsman.com/food/the-10-best-restaurants-in-glasgow-according-to-the-scotsman-critics/,,,,25,C,2026-08-17,Contacted,0,2026-08-17,,The best restaurants in Glasgow
Cafe Andaluz,Restaurant,Glasgow,UK,314192535267336,user@domain.com,https://www.cafeandaluz.com/,,,,25,C,2026-08-17,Contacted,0,2026-08-17,,The best restaurants in Glasgow
The Skillet,Restaurant,Glasgow,UK,728323238759258,hello@skillethyndlandst.com,https://www.skillethyndlandst.com/,,,,25,C,2026-08-17,Contacted,0,2026-08-17,,The best restaurants in Glasgow
The Buttery,Restaurant,Glasgow,UK,626018639046299,buttery@twofatladiesrestaurant.com,https://twofatladiesrestaurant.com/buttery/,,,,25,C,2026-08-17,Contacted,0,2026-08-17,,The best restaurants in Glasgow for 2026
The Citizen,Restaurant,Glasgow,UK,314192535267336,info@thecitizenglasgow.co.uk,https://www.thecitizenglasgow.co.uk/,,,,25,C,2026-08-17,Contacted,0,2026-08-17,,The best restaurants in Glasgow for 2026
Stravaigin,Restaurant,Glasgow,UK,207163667937197,reservations@stravaigin.co.uk,https://stravaigin.co.uk/,,,,25,C,2026-08-17,Contacted,0,2026-08-17,,The best restaurants in Glasgow for 2026
Glasgow Dentist,Dentist,Glasgow,UK,1537795089757,enquiries@parkpracticehealth.co.uk,https://www.parkpracticehealth.co.uk/,,,,25,C,2026-08-17,Contacted,0,2026-08-17,,Dentist Glasgow
Shawlands Dental Care,Dentist,Glasgow,UK,747665723974783,info@shawlandsdentalcare.co.uk,https://www.shawlandsdentalcare.co.uk/,,3,,25,C,2026-08-17,Contacted,0,2026-08-17,,Dentist Glasgow
Woodside Crescent Dental Practice Glasgow - NHS & Private Dentistry,Dentist,Glasgow,UK,176444349063842,enquiries@wcdp.co.uk,https://wcdp.co.uk/,,,,25,C,2026-08-17,Contacted,0,2026-08-17,,Dentist Glasgow
Complete Dental Care,Dentist,Glasgow,UK,265066256494628,prw@glasgowdentalcare.co.uk,https://www.glasgowdentalcare.co.uk/,,,,25,C,2026-08-17,Contacted,0,2026-08-17,,Dentist Glasgow
Appletree Dentist Glasgow,Dentist,Glasgow,UK,328238953-3840,i.katebi@gmail.com,https://www.dentistglasgow.com/,,,,25,C,2026-08-17,Contacted,0,2026-08-17,,Dentist Glasgow
Govan Dental Care,Dentist,Glasgow,UK,112.356 138.666,info@govandentalcare.co.uk,https://govandentalcare.co.uk/,,37,,25,C,2026-08-17,Contacted,0,2026-08-17,,Dentist Glasgow
